ticker,date,mode,ground_truth,prediction,confidence,hallucination_risk,reasoning,correct
TCS,2022-01-03,no_rag,UP,UP,HIGH,LOW,"The closing price of TCS on 2022-01-03 is higher than the opening price, indicating a positive trend. The high and low prices also suggest a strong upward movement.",True
TCS,2022-01-03,top_3,UP,DOWN,HIGH,LOW,"The stock price has been trending downwards since February 2022. The high and close prices on May 30th were lower than the corresponding values in February, indicating a decline.",False
TCS,2022-01-03,top_5,UP,DOWN,HIGH,LOW,"The stock has been trending downwards since February 2022. The high and close prices have consistently decreased over the period, indicating a bearish trend.",False
TCS,2022-04-21,no_rag,DOWN,UP,HIGH,LOW,"The closing price of TCS on 2022-04-21 is higher than the opening price, indicating a bullish trend. The high and low prices also suggest a strong upward movement.",False
TCS,2022-04-21,top_3,DOWN,DOWN,HIGH,LOW,"The stock price has been trending downwards from its high on 2022-04-21 (3224.28) to its close on 2022-06-21 (2873.24), indicating a decline of around 10%. Additionally, the open and low prices on 2022-07-21 are lower than their counterparts on 2022-04-21.",True
TCS,2022-04-21,top_5,DOWN,DOWN,MEDIUM,LOW,"The stock price on 2022-04-21 was at a relatively high point (3224.28), and the open price is lower than that. This suggests a potential correction or downward trend.",True
TCS,2022-08-03,no_rag,UP,UP,HIGH,LOW,"The closing price of TCS on 2022-08-03 is higher than the opening price, indicating a bullish trend. The high and low prices also suggest a strong upward momentum.",True
TCS,2022-08-03,top_3,UP,UP,HIGH,LOW,"The stock has been trending upwards since February 18th (Source 2), with a high of 3390.71 and a close of 3371.12, indicating strong buying pressure. The recent closing price on August 3rd is higher than the previous highs in July and September, suggesting continued upward momentum.",True
TCS,2022-08-03,top_5,UP,UP,HIGH,LOW,"The stock has been trending upwards since February 18th, with the highest close on July 6th and a relatively high close on August 23rd. The recent closing price of $2995.226806640625 is closer to the highs than the lows.",True
TCS,2022-11-22,no_rag,UP,UP,HIGH,LOW,"The closing price of TCS on 2022-11-22 is higher than the opening price, indicating a bullish trend. The high and low prices also suggest a strong upward movement.",True
TCS,2022-11-22,top_3,UP,UP,HIGH,LOW,"The stock closed at a higher price on 2022-11-22 compared to the previous day's close (2980.9 vs 2952.62). Additionally, the high of 2984.5 on 2022-11-22 is higher than the high of 2997.76 on 2022-11-21.",True
TCS,2022-11-22,top_5,UP,UP,HIGH,LOW,"The stock has been trending upwards with a high of 3051.04 on 2022-11-24 and a close of 2980.9 on 2022-11-22, indicating an upward momentum.",True
TCS,2023-03-06,no_rag,DOWN,UP,HIGH,LOW,"The closing price of TCS on 2023-03-06 is 3100.989013671875, which is higher than the opening price and the low of the day. This suggests a bullish trend.",False
TCS,2023-03-06,top_3,DOWN,DOWN,HIGH,LOW,"The stock price on 2023-06-02 was higher than the given close price on 2023-03-06, and it continued to decline until 2023-06-06. Additionally, the high price on 2023-10-06 is significantly higher than the given high price on 2023-03-06.",True
TCS,2023-03-06,top_5,DOWN,UP,HIGH,LOW,"The stock has shown an upward trend from June 2nd to October 6th with increasing highs and a higher closing price. The volume has also been consistently high, indicating strong buying pressure.",False
TCS,2023-06-23,no_rag,UP,UP,HIGH,LOW,"The closing price of TCS on 2023-06-23 is higher than the opening price, indicating a bullish trend. Additionally, the high and low prices are relatively close to each other, suggesting a stable market.",True
TCS,2023-06-23,top_3,UP,UP,HIGH,LOW,"The stock has been trending upwards since June 12th, with a significant increase on June 30th. The closing price on June 23rd is slightly lower than the previous day's close, but still within the upward trend.",True
TCS,2023-06-23,top_5,UP,UP,HIGH,LOW,"The stock has been trending upwards since June 12th, with a significant increase on June 30th. The current price is slightly lower than the recent highs, but still above the 20-day moving average.",True
TCS,2023-10-10,no_rag,DOWN,UP,HIGH,LOW,"The stock opened higher than the previous close at 3381.311194805018, indicating a strong start to the day. The high of 3388.6960545006336 is also above the closing price, suggesting buying pressure.",False
TCS,2023-10-10,top_3,DOWN,UP,HIGH,LOW,"The stock has shown an upward trend from ₹2699.7 on 2022-10-10 to ₹3146.52 on 2023-10-30, with a significant increase in price from ₹2797.06 to ₹3146.52 over the same period.",False
TCS,2023-10-10,top_5,DOWN,UP,HIGH,LOW,"The stock has been consistently increasing in value over the past year, with a high of 3150.52 on 2023-10-30 and a close of 3370.95 on 2023-10-10. This upward trend is supported by the increasing volume traded.",False
TCS,2024-01-29,no_rag,UP,UP,HIGH,LOW,"The closing price of TCS on 2024-01-29 is higher than the opening price, indicating a bullish trend. The high and low prices also suggest a strong upward movement.",True
TCS,2024-01-29,top_3,UP,UP,HIGH,LOW,"The stock has been trending upwards from January to April 2024, with the highest close on April 29th (3629.52). The volume has also increased during this period, indicating growing interest in the stock.",True
TCS,2024-01-29,top_5,UP,UP,HIGH,LOW,"The stock has been trending upwards since January 2024, with a high of 3689.62 on June 10 and an open of 3679.32 on the same day. This upward trend is consistent with the closing price of 3564.62 on January 29.",True
TCS,2024-05-17,no_rag,UP,UP,HIGH,LOW,"The closing price of TCS on 2024-05-17 is higher than the opening price, indicating a bullish trend. The high and low prices also suggest a strong upward movement.",True
TCS,2024-05-17,top_3,UP,DOWN,HIGH,LOW,"The stock price has been trending downwards over the past few days. On 2024-05-17, the close was lower than the open and high, indicating a bearish sentiment.",False
TCS,2024-05-17,top_5,UP,DOWN,HIGH,LOW,"The stock has been trending downwards over the past few days. The close price on 2024-05-17 is lower than the previous day's close, and the volume is also higher, indicating increased selling pressure.",False
TCS,2024-09-03,no_rag,DOWN,UP,HIGH,LOW,"The closing price of TCS on 2024-09-03 is higher than the opening price, indicating a bullish trend. Additionally, the high and low prices are relatively close to each other, suggesting a stable market.",False
TCS,2024-09-03,top_3,DOWN,UP,HIGH,LOW,"The stock has been trending upwards since February 2024, with a significant increase in price from ₹3876.63 to ₹4272.39 on September 3, 2024. This upward trend is supported by the increasing volume and higher high-low range.",False
TCS,2024-09-03,top_5,DOWN,UP,HIGH,LOW,"The stock has been trending upwards since February 2024, with a significant increase in price from ₹3809.39 on March 5 to ₹3929.07 on November 6. Additionally, the recent high of ₹4313.620577631577 on September 3 is higher than any previous high in the given context.",False
INFY,2022-01-03,no_rag,DOWN,UP,HIGH,LOW,"The stock opened and closed higher than its opening price on 2022-01-03, indicating a bullish trend. The high of 1718.253563550426 is also significantly higher than the open and close prices, suggesting strong buying pressure.",False
INFY,2022-01-03,top_3,DOWN,DOWN,HIGH,LOW,"The stock price on 2022-02-03 was lower than the previous highs (1597.02 vs 1718.253563550426), and the volume on that day was higher compared to other days in the context (3832922 vs 9137653). This suggests a potential reversal.",True
INFY,2022-01-03,top_5,DOWN,UP,MEDIUM,LOW,"The stock has shown an upward trend in the given period. The closing prices on 2022-02-03 and 2022-02-10 were higher than their respective opening prices, indicating a positive momentum [Source 1, Source 5].",False
INFY,2022-04-21,no_rag,DOWN,UP,HIGH,LOW,"The closing price of INFY on 2022-04-21 is higher than the opening price, indicating a bullish trend. The high and low prices also suggest a strong upward movement.",False
INFY,2022-04-21,top_3,DOWN,DOWN,MEDIUM,LOW,"The stock price has been trending downwards since 2022-04-21. The high and close prices on 2022-07-20 and 2022-07-21 are lower than the corresponding values on 2022-04-21, indicating a decline.",True
INFY,2022-04-21,top_5,DOWN,UP,HIGH,LOW,"The stock price has been trending upwards since April 20th, with a high of 1460.75 on April 21st and a close of 1453.21 on the same day. This upward momentum is likely to continue.",False
INFY,2022-08-03,no_rag,UP,UP,HIGH,LOW,"The closing price of INFY on 2022-08-03 is higher than the opening price, indicating a bullish trend. The high and low prices also suggest a strong upward movement.",True
INFY,2022-08-03,top_3,UP,UP,HIGH,LOW,"The stock has been trending upwards since May 6th (Source 2), with a high of 1402.08 on that day and a close of 1385.03. The recent closing price on June 7th was 1366.9, which is still relatively low compared to the highs in May. This suggests that the stock may continue its upward trend.",True
INFY,2022-08-03,top_5,UP,DOWN,MEDIUM,LOW,"The stock has been trending downwards since June 2022, with a decline in closing prices from ₹1385.03 on May 6 to ₹1339.0 on July 5. The recent high of ₹1424.3242853516167 is still below the previous highs, indicating a potential reversal.",False
INFY,2022-11-22,no_rag,UP,UP,HIGH,LOW,"The closing price of INFY on 2022-11-22 is higher than the opening price, indicating a bullish trend. The high and low prices also suggest a strong upward movement.",True
INFY,2022-11-22,top_3,UP,UP,HIGH,LOW,"The stock price has been consistently increasing over the past few days, with a high of 1456.4 on 2022-11-22 and closing at 1453.69. This upward trend suggests that the stock is likely to continue moving upwards.",True
INFY,2022-11-22,top_5,UP,UP,HIGH,LOW,"The stock has been trending upwards with increasing highs and closing prices. On 2022-11-22, the close was 1453.69, which is a new high compared to previous days.",True
INFY,2023-03-06,no_rag,DOWN,UP,HIGH,LOW,"The closing price of INFY on 2023-03-06 is higher than the opening price, indicating a bullish trend. The high and low prices also suggest a strong upward movement.",False
INFY,2023-03-06,top_3,DOWN,DOWN,HIGH,LOW,"The stock price on 2023-06-07 (1198.02) is lower than the previous year's closing price (1388.08), indicating a downward trend. Additionally, the current open price (1370.6927064845922) is also lower than the previous year's opening price (1375.33).",True
INFY,2023-03-06,top_5,DOWN,DOWN,HIGH,LOW,"The stock's recent closing prices have been trending downward. On 2023-06-07, the close was 1198.02, and on 2023-06-06, it was 1188.77, indicating a decline.",True
INFY,2023-06-23,no_rag,UP,UP,HIGH,LOW,"The closing price of INFY on 2023-06-23 is higher than the opening price, indicating a bullish trend. The high and low prices also suggest a relatively stable market with no significant selling pressure.",True
INFY,2023-06-23,top_3,UP,DOWN,MEDIUM,LOW,"The stock price has been trending downwards over the past two days, with a decrease from 1191.14 on June 22 to 1175.76 on June 23. Additionally, the high and low prices on June 23 are lower than those on June 22.",False
INFY,2023-06-23,top_5,UP,DOWN,HIGH,LOW,"The stock has been trending downwards since June 22nd, with a decline from its high of 1198.44 to the current close of 1175.76. Additionally, the volume on June 23rd is lower than the previous days, indicating a lack of buying pressure.",False
INFY,2023-10-10,no_rag,DOWN,UP,HIGH,LOW,"The closing price of INFY on 2023-10-10 is higher than the opening price, indicating a bullish trend. The high and low prices also suggest a strong upward movement.",False
INFY,2023-10-10,top_3,DOWN,UP,HIGH,LOW,"The stock price on 2023-10-11 (Close=1388.98) is higher than the previous day's close (1389.67), indicating an upward trend. Additionally, the high of 1411.14 on 2023-10-11 suggests a strong buying pressure.",False
INFY,2023-10-10,top_5,DOWN,UP,HIGH,LOW,"The stock price on 2023-10-10 (1389.67) is higher than the previous day's close (1388.98), indicating an upward trend. Additionally, the high of 1391.39 on 2023-10-11 suggests a strong buying pressure.",False
INFY,2024-01-29,no_rag,UP,UP,HIGH,LOW,"The closing price of INFY on 2024-01-29 is higher than the opening price, indicating a bullish trend. The high and low prices also suggest a strong upward momentum.",True
INFY,2024-01-29,top_3,UP,DOWN,HIGH,LOW,"The stock price has been trending downwards since May 2022 (Source 3), and the recent closing price on January 29, 2024 is lower than its opening price. This suggests a bearish trend.",False
INFY,2024-01-29,top_5,UP,DOWN,HIGH,LOW,"The stock has been trending downwards since its peak in 2022. The recent closing price on 2024-05-29 is lower than the previous highs, indicating a bearish trend.",False
INFY,2024-05-17,no_rag,UP,UP,HIGH,LOW,"The closing price of INFY on 2024-05-17 is higher than the opening and low prices, indicating a bullish trend. The high and close prices are also very close to each other, suggesting a strong upward momentum.",True
INFY,2024-05-17,top_3,UP,UP,HIGH,LOW,"The stock has been consistently increasing over the past two years, with a significant jump in 2024 compared to previous years. The high and close prices on 2024-05-17 are also higher than the corresponding values in 2022 and 2023.",True
INFY,2024-05-17,top_5,UP,DOWN,MEDIUM,LOW,"The stock has been trending downwards since 2023-05-17 (Source 3), with the close price on 2024-05-17 being lower than the open and high prices. Additionally, the volume on 2024-05-17 is higher than the previous day's volume, indicating increased selling pressure.",False
INFY,2024-09-03,no_rag,DOWN,UP,HIGH,LOW,"The closing price of INFY on 2024-09-03 is higher than the opening and low prices, indicating a bullish trend. The high price is also significantly higher than the close, suggesting strong buying pressure.",False
INFY,2024-09-03,top_3,DOWN,UP,HIGH,LOW,"The stock has been trending upwards since May 3rd, with a significant increase on June 5th. The recent high of $1888.95 is also higher than the previous highs in May.",False
INFY,2024-09-03,top_5,DOWN,UP,HIGH,LOW,"The stock has been consistently increasing in value since 2022, with a significant surge in June 2024. The recent high of 1888.9533893572925 on the given date is also an indication of upward momentum.",False
ICICI,2022-01-03,no_rag,UP,UP,HIGH,LOW,"The closing price of ICICI on 2022-01-03 is higher than the opening price, indicating a bullish trend. The high and low prices also suggest a strong upward movement.",True
ICICI,2022-01-03,top_3,UP,DOWN,HIGH,LOW,"The stock price has been trending downwards since June 1st (730.09) and is currently trading lower than its previous highs in May (697.69). Additionally, the current open price (720.772979859294) is below the close price on June 29th (681.68), indicating a potential reversal.",False
ICICI,2022-01-03,top_5,UP,DOWN,HIGH,LOW,"The stock price on 2022-06-29 was lower than its peak in 2022-05-06 (681.68 vs 697.69), and the volume has been decreasing since then. Additionally, the recent high on 2024-02-07 is significantly higher than the previous highs, indicating a potential correction.",False
ICICI,2022-04-21,no_rag,DOWN,UP,HIGH,LOW,"The closing price of ICICI on 2022-04-21 is higher than the opening price, indicating a bullish trend. The high and low prices also suggest a strong upward movement.",False
ICICI,2022-04-21,top_3,DOWN,UP,HIGH,LOW,"The stock's closing price on 2022-04-21 was 739.49, which is higher than the closing prices on both 2022-05-20 (688.28) and 2022-07-20 (759.62). This suggests an upward trend.",False
ICICI,2022-04-21,top_5,DOWN,UP,HIGH,LOW,"The stock's closing price on 2022-04-21 was 739.49, which is relatively high compared to its low of 728.68 on the same day. Additionally, the stock's high on 2022-07-20 was 765.88, indicating an upward trend.",False
ICICI,2022-08-03,no_rag,UP,UP,HIGH,LOW,"The closing price of ICICI on 2022-08-03 is 800.0721435546875, which is higher than the opening price and high of the day. This suggests a bullish trend.",True
ICICI,2022-08-03,top_3,UP,UP,HIGH,LOW,"The stock has been trending upwards since February 2022, with a significant increase in price from ₹789.64 to ₹813.07 on August 5, 2022. This upward trend is further supported by the increasing volume traded during this period.",True
ICICI,2022-08-03,top_5,UP,UP,HIGH,LOW,"The stock has been trending upwards since February 2022, with a significant increase in price from ₹789.64 to ₹813.07 on August 5, 2022 [Source 1]. This upward momentum continued until September 9, 2022, when the stock closed at ₹879.48 [Source 2].",True
ICICI,2022-11-22,no_rag,UP,UP,HIGH,LOW,"The closing price of ICICI on 2022-11-22 is higher than the opening price, indicating a bullish trend. The high and low prices also suggest a strong upward momentum.",True
ICICI,2022-11-22,top_3,UP,UP,HIGH,LOW,"The stock has shown an upward trend from November 22nd to November 24th with a high of 917.92 and close of 916.17, indicating increasing demand. This momentum is likely to continue.",True
ICICI,2022-11-22,top_5,UP,UP,HIGH,LOW,"The stock has been trending upwards since November 15th, with a high of 904.12 on November 22nd and a close of 916.17 on November 24th. This upward momentum suggests that the stock is likely to continue its upward trend.",True
ICICI,2023-03-06,no_rag,DOWN,UP,HIGH,LOW,"The closing price of ICICI stock on 2023-03-06 is higher than the opening price, indicating a bullish trend. Additionally, the high and low prices are relatively close to each other, suggesting a stable market.",False
ICICI,2023-03-06,top_3,DOWN,UP,HIGH,LOW,"The stock has been trending upwards since June, with a significant increase in price from ₹915.48 on 2023-06-02 to ₹941.69 on 2023-08-03. This upward momentum suggests that the stock is likely to continue its upward trend.",False
ICICI,2023-03-06,top_5,DOWN,UP,HIGH,LOW,"The stock has been trending upwards since 2022-06-15 (Source 5), with a significant increase in price from ₹840.69 to ₹846.78564453125 on 2023-03-06. This upward trend is consistent with the overall direction of the stock, as seen in the context provided.",False
ICICI,2023-06-23,no_rag,UP,UP,HIGH,LOW,"The closing price of ICICI on 2023-06-23 is higher than the opening price, indicating a bullish trend. The high and low prices also suggest a strong upward momentum.",True
ICICI,2023-06-23,top_3,UP,DOWN,HIGH,LOW,"The stock price has been trending downwards since June 2nd, with a decline from ₹915.48 to ₹901.19 over the past two weeks. This downward trend is further supported by the decreasing high and low prices during this period.",False
ICICI,2023-06-23,top_5,UP,DOWN,HIGH,LOW,"The stock has been trending downwards since June 6th (Close=919.34) and the recent close on June 23rd is lower than the previous closes. The high-low range on June 23rd is also relatively narrow, indicating a lack of upward momentum.",False
ICICI,2023-10-10,no_rag,UP,UP,HIGH,LOW,"The closing price of ICICI on 2023-10-10 is higher than the opening price, indicating a bullish trend. The high and low prices also suggest a strong upward movement.",True
ICICI,2023-10-10,top_3,UP,UP,MEDIUM,LOW,"The stock closed at a higher price on 2023-10-10 compared to the previous day's close. Additionally, the high of 942.06 on 2023-10-10 is significantly higher than the highs on both 2023-10-19 and 2023-10-11.",True
ICICI,2023-10-10,top_5,UP,UP,HIGH,LOW,"The stock price on 2023-10-10 (935.86) is higher than the previous day's close (935.42), indicating an upward trend. Additionally, the high of 942.06 on 2023-10-10 suggests a strong buying pressure.",True
ICICI,2024-01-29,no_rag,UP,UP,HIGH,LOW,"The closing price of ICICI on 2024-01-29 is higher than the opening price, indicating a bullish trend. The high and low prices also suggest a strong upward momentum.",True
ICICI,2024-01-29,top_3,UP,DOWN,MEDIUM,LOW,"The stock closed at 1000.01 on 2024-01-29 and opened at 998.58 on 2024-01-30, indicating a slight decline. Additionally, the high of 1015.36 on 2024-01-29 is not sustained in subsequent days.",False
ICICI,2024-01-29,top_5,UP,UP,MEDIUM,LOW,"The stock closed at 1000.01 on 2024-01-29 and opened at 998.58 on 2024-01-30, indicating a slight upward trend. Additionally, the high of 1015.36 on 2024-01-29 is relatively close to the high of 1102.92 on 2024-05-30.",True
ICICI,2024-05-17,no_rag,DOWN,UP,HIGH,LOW,"The closing price of ICICI stock on 2024-05-17 is higher than its opening and low prices, indicating a bullish trend. The high price of 1125.5507181902365 also suggests strong buying pressure.",False
ICICI,2024-05-17,top_3,DOWN,UP,HIGH,LOW,"The stock has been consistently increasing over the past two years, with a high of 1125.55 on 2024-05-17 and a close of 1112.27, indicating an upward trend.",False
ICICI,2024-05-17,top_5,DOWN,UP,HIGH,LOW,"The stock has been consistently increasing over the past two years, with a high of 1125.55 on 2024-05-17 and a close of 1112.27, indicating an upward trend.",False
ICICI,2024-09-03,no_rag,DOWN,UP,HIGH,LOW,"The closing price of ICICI on 2024-09-03 is higher than the opening price, indicating a bullish trend. The high and low prices also suggest a strong upward movement.",False
ICICI,2024-09-03,top_3,DOWN,DOWN,HIGH,LOW,"The stock has been trending downwards since January 5th, with a decline from ₹977.67 to ₹994.4 between February 9th and 5th. The recent high of ₹1241.37 on the query date is still below the previous highs, indicating a potential reversal.",True
ICICI,2024-09-03,top_5,DOWN,UP,HIGH,LOW,"The stock has been trending upwards since January 2024, with a significant increase in price from ₹972.07 to ₹1123.63 between January and May. The recent high of ₹1241.37 on 2024-05-03 suggests that the upward momentum is still strong.",False
HDFC,2022-01-03,no_rag,UP,UP,HIGH,LOW,"The closing price of HDFC on 2022-01-03 is higher than the opening price, indicating a bullish trend. The high and low prices also suggest a strong upward movement.",True
HDFC,2022-01-03,top_3,UP,UP,HIGH,LOW,"The stock has been trending upwards since May 2022, with a high of 727.53 on November 7, indicating strong buying pressure. Additionally, the closing price on January 3 is relatively close to the opening price, suggesting a potential upward momentum.",True
HDFC,2022-01-03,top_5,UP,UP,HIGH,LOW,"The stock has been trending upwards since May 2022, with a significant increase in price from ₹618.88 to ₹725.99 between May 19 and November 7. This upward trend is likely to continue based on the recent high of ₹727.53.",True
HDFC,2022-04-21,no_rag,DOWN,UP,HIGH,LOW,"The closing price of HDFC on 2022-04-21 is higher than the opening price, indicating a bullish trend. Additionally, the high and low prices are relatively close to each other, suggesting a stable market.",False
HDFC,2022-04-21,top_3,DOWN,UP,HIGH,LOW,"The stock price on 2022-04-21 closed at 653.69, which is higher than the previous close on 2022-04-28 (652.27). Additionally, the high of 656.28 on 2022-04-21 indicates a strong upward momentum.",False
HDFC,2022-04-21,top_5,DOWN,UP,HIGH,LOW,"The stock price has been trending upwards from 2022-04-21 to 2022-06-20, with a high of 656.28 on 2022-04-21 and a close of 653.69 on the same day. The subsequent closes have also been higher than the previous ones, indicating an upward momentum.",False
HDFC,2022-08-03,no_rag,UP,UP,HIGH,LOW,"The closing price of HDFC on 2022-08-03 is higher than the opening price, indicating a bullish trend. Additionally, the high and low prices are relatively close to each other, suggesting a stable market.",True
HDFC,2022-08-03,top_3,UP,UP,HIGH,LOW,"The stock has been trending upwards since June 8th, with a high of 696.95 on August 1st and a close of 686.65 on August 5th. The recent trading activity on August 3rd also suggests an upward momentum, with the high being 690.8365853805471.",True
HDFC,2022-08-03,top_5,UP,UP,HIGH,LOW,"The stock price on 2022-08-03 closed at 689.80, which is higher than the previous close on 2022-08-01 (695.84). Additionally, the high of 690.84 on 2022-08-03 is also a new high, indicating upward momentum.",True
HDFC,2022-11-22,no_rag,UP,UP,HIGH,LOW,"The closing price of HDFC on 2022-11-22 is higher than the opening price, indicating a positive trend. Additionally, the high and low prices are relatively close to each other, suggesting a stable market.",True
HDFC,2022-11-22,top_3,UP,UP,HIGH,LOW,"The stock price on 2022-11-24 (Close=781.97) is higher than the previous day's close (767.46), indicating an upward trend. Additionally, the high of 785.27 on 2022-11-24 is a new high compared to the previous days.",True
HDFC,2022-11-22,top_5,UP,UP,HIGH,LOW,"The stock has been trending upwards since November 22nd, with a high of 771.96 on the same day and closing at 778.36 on November 25th. This upward momentum suggests that the stock is likely to continue its upward trend.",True
HDFC,2023-03-06,no_rag,DOWN,UP,HIGH,LOW,"The closing price of HDFC on 2023-03-06 is higher than the opening price, indicating a bullish trend. The high and low prices also suggest a strong upward momentum.",False
HDFC,2023-03-06,top_3,DOWN,UP,HIGH,LOW,"The stock has been trending upwards with increasing highs and closing prices since 2023-05-09. The volume on 2023-05-30 was significantly higher than the previous days, indicating strong buying pressure.",False
HDFC,2023-03-06,top_5,DOWN,UP,HIGH,LOW,"The stock has been trending upwards with increasing highs and closing prices. The recent high on 2023-05-30 was 799.45, which is a significant increase from the low of 792.59 on the same day.",False
HDFC,2023-06-23,no_rag,UP,UP,HIGH,LOW,"The closing price of HDFC on 2023-06-23 is higher than the opening price, indicating a bullish trend. The high and low prices also suggest a strong upward movement.",True
HDFC,2023-06-23,top_3,UP,UP,HIGH,LOW,"The stock price has been increasing over the past few days, with a high of 807.85 on 2023-06-23 and a close of 799.87, indicating an upward trend.",True
HDFC,2023-06-23,top_5,UP,UP,HIGH,LOW,"The stock has been trending upwards since May 9th, with a high of 807.85 on June 23rd, indicating a strong upward momentum. Additionally, the closing price on June 23rd is higher than the previous days' closes, further supporting an upward prediction.",True
HDFC,2023-10-10,no_rag,UP,UP,HIGH,LOW,"The closing price of HDFC on 2023-10-10 is higher than the opening price, indicating a bullish trend. The high and low prices also suggest a strong upward movement.",True
HDFC,2023-10-10,top_3,UP,UP,HIGH,LOW,"The stock price has been increasing from ₹677.48 on 2022-10-10 to ₹742.12 on 2023-10-10, with a high of ₹744.14 on the same day, indicating an upward trend.",True
HDFC,2023-10-10,top_5,UP,UP,HIGH,LOW,"The stock has been trending upwards since October 2022, with a significant increase in price from ₹677.48 to ₹742.12 on October 10, 2023. The recent high of ₹744.14 on the same day also suggests upward momentum.",True
HDFC,2024-01-29,no_rag,DOWN,UP,HIGH,LOW,"The closing price of HDFC on 2024-01-29 is higher than the opening price, indicating a bullish trend. The high and low prices also suggest a strong upward movement.",False
HDFC,2024-01-29,top_3,DOWN,UP,HIGH,LOW,"The stock has been trending upwards since 2022-06-28 with a significant increase in price from ₹646.69 to ₹744.09 between 2022-06-28 and 2024-05-29, indicating a strong upward momentum.",False
HDFC,2024-01-29,top_5,DOWN,UP,HIGH,LOW,"The stock has been consistently increasing over the past two years, with a significant jump in 2024. The recent closing price of $707.96 is still below the 2024 highs, indicating potential for further growth.",False
HDFC,2024-05-17,no_rag,UP,UP,HIGH,LOW,"The closing price of HDFC on 2024-05-17 is higher than the opening price, indicating a bullish trend. Additionally, the high and low prices are close to each other, suggesting a relatively stable market.",True
HDFC,2024-05-17,top_3,UP,DOWN,HIGH,LOW,"The stock price has been declining from its high of 748.04 on 2024-05-02 to the close of 722.29 on 2024-05-17, indicating a downward trend.",False
HDFC,2024-05-17,top_5,UP,DOWN,MEDIUM,LOW,The stock price has been trending downwards from its peak on 2024-05-02 (Close: 745.72) to the current close on 2024-05-17 (Close: 722.29). The recent low on 2024-05-16 (Low: 708.18) also suggests a potential downward momentum.,False
HDFC,2024-09-03,no_rag,UP,UP,HIGH,LOW,"The closing price of HDFC on 2024-09-03 is higher than the opening and low prices, indicating a bullish trend. The high price is also relatively close to the closing price, suggesting a strong upward momentum.",True
HDFC,2024-09-03,top_3,UP,UP,HIGH,LOW,"The stock has been trending upwards since January 10th, with a significant increase in price from ₹709.36 on May 10th to ₹797.1 on August 5th. The recent close of ₹807.7565307617188 is also higher than the previous highs.",True
HDFC,2024-09-03,top_5,UP,UP,HIGH,LOW,"The stock has been trending upwards since January 10th, with a significant increase in price from May 10th to October 3rd. The recent closing price on September 3rd is relatively close to the high of $809.04 on August 5th, indicating a strong upward momentum.",True
RELIANCE,2022-01-03,no_rag,UP,UP,HIGH,LOW,"The closing price of RELIANCE on 2022-01-03 was 1093.7806396484375, which is higher than the opening price and high price, indicating a bullish trend.",True
RELIANCE,2022-01-03,top_3,UP,UP,HIGH,LOW,"The stock's closing price on 2022-01-03 was 1093.78, which is the highest close in the given context. Additionally, the high and open prices on 2022-07-01 are higher than the corresponding values on 2022-01-03, indicating an upward trend.",True
RELIANCE,2022-01-03,top_5,UP,UP,HIGH,LOW,"The stock price on 2022-01-03 was at its highest point of the year so far, with a close of 1093.78. This suggests a strong upward trend, which is further supported by the increasing volume of 5,421,611 shares traded.",True
RELIANCE,2022-04-21,no_rag,DOWN,UP,HIGH,LOW,"The closing price of RELIANCE on 2022-04-21 is higher than the opening price, indicating a positive trend. Additionally, the high and low prices are relatively close to each other, suggesting a stable market.",False
RELIANCE,2022-04-21,top_3,DOWN,UP,HIGH,LOW,"The stock price on 2022-04-21 (1265.89) is higher than the previous recorded high on 2022-06-20 (1190.81), indicating an upward trend.",False
RELIANCE,2022-04-21,top_5,DOWN,DOWN,MEDIUM,LOW,"The stock price has been trending downwards since 2022-02-21 (Source 3) and 2022-06-20 (Source 2), with a peak of ₹1265.89 on 2022-04-21 (Source 1). The recent closing prices have also been lower than the opening prices, indicating a bearish trend.",True
RELIANCE,2022-08-03,no_rag,DOWN,UP,HIGH,LOW,"The closing price of RELIANCE on 2022-08-03 is 1185.9205322265625, which is higher than the opening price and high price. This suggests a bullish trend.",False
RELIANCE,2022-08-03,top_3,DOWN,UP,HIGH,LOW,"The stock has shown an upward trend on both 2022-08-02 and 2022-08-03, with a high of 1187.58 on the latter date. Additionally, the closing price on 2022-08-03 is higher than the opening price, indicating a positive close.",False
RELIANCE,2022-08-03,top_5,DOWN,UP,HIGH,LOW,"The stock has been consistently increasing its closing price over the past few months. On 2022-08-02 and 2022-08-03, the closing prices were 1176.05 and 1185.92 respectively, indicating an upward trend.",False
RELIANCE,2022-11-22,no_rag,UP,UP,HIGH,LOW,"The closing price of RELIANCE on 2022-11-22 is 1170.9366455078125, which is higher than the opening price and the low of the day. This suggests a bullish trend.",True
RELIANCE,2022-11-22,top_3,UP,UP,HIGH,LOW,"The stock price on November 22nd closed at 1170.94, which is relatively close to the high of 1172.51. Additionally, the open and low prices were also higher than the previous day's values, indicating a positive trend.",True
RELIANCE,2022-11-22,top_5,UP,UP,HIGH,LOW,"The stock has shown a consistent upward trend from November 22nd to November 24th, with the highest high on November 28th. The volume on November 28th was significantly higher than previous days, indicating increased buying pressure.",True
RELIANCE,2023-03-06,no_rag,DOWN,UP,HIGH,LOW,"The closing price of RELIANCE on 2023-03-06 is higher than the opening and low prices, indicating a bullish trend. Additionally, the high price reached during the trading day is also higher than the closing price, suggesting further upward momentum.",False
RELIANCE,2023-03-06,top_3,DOWN,UP,HIGH,LOW,"The stock has shown a steady increase in price from 1095.59 on 2023-03-06 to 1131.81 on 2023-06-06, with a high of 1135.63 on the same date. This upward trend suggests that the stock is likely to continue its upward momentum.",False
RELIANCE,2023-03-06,top_5,DOWN,UP,HIGH,LOW,"The stock has been trending upwards since February 2023, with a significant increase in price from ₹1056.79 to ₹1099.56 between March 8 and March 6. This upward momentum suggests that the stock is likely to continue its upward trend.",False
RELIANCE,2023-06-23,no_rag,UP,UP,HIGH,LOW,"The closing price of RELIANCE on 2023-06-23 is 1147.9749755859375, which is slightly higher than the opening price and high, indicating a positive trend.",True
RELIANCE,2023-06-23,top_3,UP,DOWN,HIGH,LOW,"The stock price has been consistently decreasing from 1179.59 on June 19 to 1147.97 on June 23, with a low of 1146.72 on the same day. This downward trend suggests a potential further decline.",False
RELIANCE,2023-06-23,top_5,UP,DOWN,MEDIUM,LOW,"The stock has been trending downwards since 2023-05-23 (Source 4), with a decline from ₹1120.49 to ₹1147.97 on 2023-06-23 (Source 2). The recent close is also lower than the previous day's close, indicating a potential downward momentum.",False
RELIANCE,2023-10-10,no_rag,UP,UP,HIGH,LOW,"The closing price of RELIANCE on 2023-10-10 is higher than the opening price, indicating a bullish trend. Additionally, the high and low prices are relatively close to each other, suggesting a stable market.",True
RELIANCE,2023-10-10,top_3,UP,UP,HIGH,LOW,"The stock closed at a higher price on 2023-10-10 compared to the previous day's close (1145.72 vs 1148.57), indicating an upward trend.",True
RELIANCE,2023-10-10,top_5,UP,UP,HIGH,LOW,"The stock closed at a higher price than its opening and low on 2023-10-10. Additionally, the high of 1150.44 is significantly higher than the previous day's close, indicating an upward trend.",True
RELIANCE,2024-01-29,no_rag,DOWN,UP,HIGH,LOW,"The closing price of RELIANCE on 2024-01-29 is higher than the opening price, indicating a bullish trend. Additionally, the high and low prices are also relatively close to each other, suggesting a stable market.",False
RELIANCE,2024-01-29,top_3,DOWN,UP,HIGH,LOW,"The stock has been trending upwards since January 2024, with a significant increase in price from ₹1397.28 to ₹1430.19 on May 29th. Additionally, the recent high of ₹1441.8283899094502 on January 29th is close to the current closing price, indicating potential for further growth.",False
RELIANCE,2024-01-29,top_5,DOWN,UP,HIGH,LOW,"The stock has shown an upward trend in the given period. The highest close price was on 2024-08-29 at 1514.87, and the lowest open price was on 2024-01-29 at 1354.47. This suggests a strong upward momentum.",False
RELIANCE,2024-05-17,no_rag,UP,UP,HIGH,LOW,"The closing price of RELIANCE on 2024-05-17 is higher than the opening and low prices, indicating a bullish trend. The high price of 1426.6408349602225 is also significantly higher than the other prices, suggesting strong buying pressure.",True
RELIANCE,2024-05-17,top_3,UP,UP,HIGH,LOW,"The stock price has been trending upwards, with a high of 1426.64 on 2024-05-17 and a close of 1425.15, indicating a strong upward momentum.",True
RELIANCE,2024-05-17,top_5,UP,UP,HIGH,LOW,"The stock has been trending upwards since May 3rd, with a high of 1426.64 on May 17th, indicating a strong upward momentum. Additionally, the closing price on May 17th is higher than the opening price, suggesting a positive sentiment.",True
RELIANCE,2024-09-03,no_rag,DOWN,UP,HIGH,LOW,"The closing price of RELIANCE on 2024-09-03 is 1503.1217041015625, which is slightly higher than the opening price and high, indicating a positive trend.",False
RELIANCE,2024-09-03,top_3,DOWN,UP,MEDIUM,LOW,"The stock has been trending upwards from 2024-05-06 to 2024-07-02, with a slight correction on 2024-07-04. The recent closing price of 1503.12 is still above the previous lows and within the upward trend.",False
RELIANCE,2024-09-03,top_5,DOWN,UP,HIGH,LOW,"The stock has been trending upwards since May 2024, with a significant increase in volume on August 5. The recent price action on September 3 also indicates an upward momentum.",False
