bank,npa_ratio,credit_growth,capital_adequacy,mode,ground_truth,prediction,npa_assessment,rbi_policy_ref,hallucination_risk,reasoning,correct
Bank A,2.1%,14%,16.2%,no_rag,LOW,HIGH,The NPA ratio of 2.1% indicates a significant credit risk for Bank A.,,LOW,"The high NPA ratio suggests that the bank may be struggling to recover its bad debts, which can impact its overall financial health.",False
Bank A,2.1%,14%,16.2%,top_3,LOW,HIGH,"The bank's NPA ratio is already high at 2.1%, and with restructuring and slippages books potentially turning into NPAs, the risk of further deterioration is significant.",,LOW,"The context suggests that the bank has a high NPA ratio and credit growth, which may indicate underlying issues in its loan book. Additionally, the moratorium and restructuring since March this year have masked the true extent of the NPA problem, which is likely to emerge once these measures end.",False
Bank A,2.1%,14%,16.2%,top_5,LOW,HIGH,"The bank's NPA ratio is 2.1%, which is higher than the industry average, and with restructuring and slippages books potentially turning into NPAs, the risk of NPA increases.",,LOW,"The context suggests that the bank has a high NPA ratio, and with the economy slowing down, there is likely to be an impact on businesses and retail borrowers, increasing the risk of NPA.",False
Bank B,5.8%,8%,13.1%,no_rag,MEDIUM,HIGH,The NPA ratio of 5.8% indicates a significant credit risk for Bank B.,,LOW,"The high NPA ratio suggests that the bank may be struggling to recover its bad debts, which can impact its financial stability and capital adequacy.",False
Bank B,5.8%,8%,13.1%,top_3,MEDIUM,HIGH,"The NPA ratio of 5.8% indicates a high risk of non-performing assets, especially with the restructuring and slippages books potentially turning into NPAs.",,LOW,"The bank's credit growth is strong at 8%, but the NPA problem is hidden due to moratorium and restructuring. The economy slowdown may impact businesses and retail borrowers, leading to a potential increase in NPAs.",False
Bank B,5.8%,8%,13.1%,top_5,MEDIUM,HIGH,"The bank's NPA ratio is 5.8%, which indicates a high risk of NPAs turning into bad loans once the loan restructuring ends.",,LOW,"The context suggests that the bank has two more quarters to make provisions against doubtful loans, and many suggest that loans will turn NPA once the two-year loan restructuring ends.",False
Bank C,3.4%,11%,14.8%,no_rag,MEDIUM,HIGH,The NPA ratio of 3.4% indicates a significant credit risk for Bank C.,,LOW,"The high NPA ratio suggests that the bank may be struggling to recover its bad debts, which can impact its overall financial health.",False
Bank C,3.4%,11%,14.8%,top_3,MEDIUM,MEDIUM,The NPA risk is moderate due to the bank's high credit growth and relatively low capital adequacy.,,LOW,"The context suggests that the bank has a high credit growth, which may lead to an increase in NPAs. The capital adequacy ratio is also relatively low, indicating some vulnerability.",True
Bank C,3.4%,11%,14.8%,top_5,MEDIUM,MEDIUM,"The bank's NPA ratio is 3.4%, which is higher than Bank C's gross NPAs at 5.28%. However, the credit growth of 11% and capital adequacy of 14.8% suggest that the bank has some buffer to absorb potential NPA risks.",,LOW,"The context suggests that the bank's NPA problem is hidden due to moratorium and restructuring, but it may emerge once these measures end. The credit growth and capital adequacy indicate some resilience, but the NPA ratio remains a concern.",True
Bank D,7.2%,6%,11.9%,no_rag,HIGH,HIGH,"The NPA ratio of 7.2% indicates a high risk of credit defaults, which is further exacerbated by the bank's low credit growth.",,LOW,"The high NPA ratio and stagnant credit growth suggest that the bank may be struggling to recover from bad loans, increasing its credit risk.",True
Bank D,7.2%,6%,11.9%,top_3,HIGH,HIGH,"The NPA ratio of 7.2% indicates a high risk of non-performing assets, especially with the restructuring and slippages books potentially turning into NPAs.",,LOW,"The context suggests that the bank's credit growth is strong, but the NPA problem is hidden due to moratorium and restructuring. The major challenge arises from extended working capital cycles and declining cash flows for the industry.",True
Bank D,7.2%,6%,11.9%,top_5,HIGH,HIGH,"The bank's NPA ratio of 7.2% indicates a high risk of further NPAs, especially with the restructuring and slippages books potentially slipping into NPAs.",,LOW,"The context suggests that the bank has two more quarters to make provisions against doubtful loans, which may lead to an increase in gross NPAs. Additionally, the slowdown in the economy may impact businesses and retail borrowers, leading to a higher risk of NPAs.",True
Bank E,1.8%,18%,17.5%,no_rag,LOW,HIGH,The NPA ratio of 1.8% indicates a significant credit risk for Bank E.,,LOW,"The high NPA ratio suggests that the bank may be struggling to recover its bad debts, which can impact its financial stability and capital adequacy.",False
Bank E,1.8%,18%,17.5%,top_3,LOW,UNKNOWN,N/A,N/A,N/A,N/A,False
Bank E,1.8%,18%,17.5%,top_5,LOW,HIGH,"The bank's NPA ratio is 1.8%, which is a concern, and with restructuring and slippages books potentially turning into NPAs, the risk of NPA increase is high.",,LOW,"The context suggests that the bank has two more quarters to make provisions against doubtful loans, but many suggest that loans will turn NPA once the two-year loan restructuring ends. The bank's credit growth is 18%, which may not be sufficient to offset potential NPA risks.",False
Bank F,4.9%,9%,13.8%,no_rag,MEDIUM,MEDIUM,"The NPA ratio of 4.9% indicates a moderate level of credit risk, which is manageable for Bank F with its capital adequacy of 13.8%",,LOW,"Bank F's credit growth of 9% suggests a stable financial position, but the NPA ratio remains a concern.",True
Bank F,4.9%,9%,13.8%,top_3,MEDIUM,MEDIUM,The NPA risk is moderate due to the bank's high credit growth and relatively low capital adequacy.,,LOW,"The context suggests that the bank has a high credit growth, which may lead to an increase in NPAs. Additionally, the bank's capital adequacy ratio is relatively low, indicating potential vulnerability to NPA risk.",True
Bank F,4.9%,9%,13.8%,top_5,MEDIUM,MEDIUM,"The bank's NPA ratio is 4.9%, which is relatively high compared to other banks, and the credit growth of 9% may not be sufficient to offset potential NPA risks.",,LOW,"The context suggests that the bank has a higher NPA ratio than others, and the credit growth may not be enough to mitigate potential NPA risks. The RBI's policies on NPAs are not explicitly mentioned in this context.",True
Bank G,6.5%,5%,12.2%,no_rag,HIGH,HIGH,"The NPA ratio of 6.5% indicates a high risk of credit defaults, which can negatively impact the bank's financial health.",,LOW,"The high NPA ratio suggests that the bank may not have sufficient provisions for potential loan losses, which can lead to regulatory issues and capital adequacy concerns.",True
Bank G,6.5%,5%,12.2%,top_3,HIGH,HIGH,"The NPA ratio of 6.5% indicates a high risk of non-performing assets, which may worsen if restructuring and slippages books slip into NPAs.",,LOW,"The bank's credit growth is low at 5%, while the gross NPAs are already high at 6.5%. The moratorium risk has reduced for salaried segments, but stress could emerge from self-employed, MSME and low-rated corporate segments.",True
Bank G,6.5%,5%,12.2%,top_5,HIGH,HIGH,"The bank's NPA ratio is 6.5%, indicating a high risk of NPAs turning into bad loans once loan restructuring ends.",,LOW,"The context suggests that the bank has two more quarters to make provisions against doubtful loans, and many suggest that loans will turn NPA once the two-year loan restructuring ends.",True
Bank H,2.8%,15%,15.9%,no_rag,LOW,HIGH,The NPA ratio of 2.8% indicates a significant credit risk for Bank H.,,LOW,"The high NPA ratio suggests that the bank may be struggling to recover its bad debts, which can impact its financial stability and capital adequacy.",False
Bank H,2.8%,15%,15.9%,top_3,LOW,HIGH,"The bank's NPA ratio is 2.8%, which is concerning, and with restructuring and slippages books potentially turning into NPAs, the risk of NPA growth is high.",,LOW,"The bank's credit has grown by 15% year-on-year, but the NPA ratio remains high, indicating potential risks in the loan book. The moratorium and restructuring since March this year have masked the NPA problem, which may re-emerge once these measures end.",False
Bank H,2.8%,15%,15.9%,top_5,LOW,HIGH,"The NPA ratio of 2.8% is concerning, and with restructuring and slippages books potentially turning into NPAs, the risk of a significant increase in gross NPAs is high.",,LOW,"The bank's credit growth has slowed down, and the economy is experiencing a slowdown, which may impact businesses and retail borrowers. The major challenge lies in extended working capital cycles and declining cash flows for the industry.",False
Bank I,3.9%,10%,14.2%,no_rag,MEDIUM,MEDIUM,The NPA ratio of 3.9% indicates a moderate risk of non-performing assets.,,LOW,"The credit growth rate of 10% suggests a relatively stable financial condition, while the capital adequacy ratio of 14.2% is satisfactory.",True
Bank I,3.9%,10%,14.2%,top_3,MEDIUM,MEDIUM,The NPA risk is moderate due to the bank's high NPA ratio of 3.9% and potential slippages from restructuring loans.,,LOW,"The context suggests that the bank has a significant NPA problem, which may worsen once loan restructuring ends. The credit growth is moderate, but the capital adequacy is sufficient to absorb potential losses.",True
Bank I,3.9%,10%,14.2%,top_5,MEDIUM,MEDIUM,"The bank's NPA ratio is 3.9%, which is relatively high compared to other banks, and there is a risk that the restructuring and slippages books may slip into NPAs.",,LOW,"The context suggests that the bank has two more quarters to make provisions against doubtful loans, but the NPA problem may emerge once the loan restructuring ends. The credit growth is 10%, which is relatively high, but the capital adequacy ratio is only 14.2%.",True
Bank J,8.1%,4%,11.2%,no_rag,HIGH,HIGH,"The NPA ratio of 8.1% indicates a high risk of credit defaults, which is further exacerbated by the bank's low credit growth.",,LOW,"The high NPA ratio and low credit growth suggest that the bank may not be able to recover its bad debts, increasing the credit risk. The capital adequacy ratio of 11.2% is not sufficient to mitigate this risk.",True
Bank J,8.1%,4%,11.2%,top_3,HIGH,HIGH,"The bank's NPA ratio is already high at 8.1%, and with restructuring and slippages books potentially turning into NPAs, the risk of further deterioration is significant.",,LOW,"The context suggests that the bank has a high NPA ratio and potential for further deterioration, which increases credit risk.",True
Bank J,8.1%,4%,11.2%,top_5,HIGH,HIGH,"The bank's NPA ratio of 8.1% is a significant concern, and with the restructuring and slippages books potentially turning into NPAs, the risk is likely to increase.",,LOW,"The context suggests that the bank has two more quarters to make provisions against doubtful loans, but the NPA problem may emerge once loan restructuring ends. The slowdown in the economy and potential impact on businesses and retail borrowers also contribute to the high risk level.",True
